slack_model,delta,alpha_train_min,alpha_adjusted,test_failures,test_failure_rate,min_test_residual
no_slack,0.0,1.0196078431372548,1.0196078431372548,2,0.5,-0.0031764705882352806
loocv_slack,0.016380952380952385,1.0196078431372548,1.0032268907563024,1,0.25,-0.00010504201680672232
holdout_slack,0.016941176470588237,1.0196078431372548,1.0026666666666666,0,0.0,0.0
observed_max_slack,0.016941176470588237,1.0196078431372548,1.0026666666666666,0,0.0,0.0
