holdout_lambda,holdout_entropy_mass,holdout_kappa,holdout_ratio,alpha_train_min,slack_required,relative_slack_required,train_min_domination_pass
0.05,0.05,0.0475,1.0526315789473684,1.0026666666666666,0.0,0.0,True
0.1,0.092,0.09000000000000001,1.0222222222222221,1.0026666666666666,0.0,0.0,True
0.15,0.13,0.1275,1.0196078431372548,1.0026666666666666,0.0,0.0,True
0.2,0.164,0.16000000000000003,1.025,1.0026666666666666,0.0,0.0,True
0.25,0.188,0.1875,1.0026666666666666,1.019047619047619,0.016380952380952385,0.016074766355140192,False
0.3,0.214,0.21,1.019047619047619,1.0026666666666666,0.0,0.0,True
0.4,0.245,0.24,1.0208333333333333,1.0026666666666666,0.0,0.0,True
0.5,0.26,0.25,1.04,1.0026666666666666,0.0,0.0,True
